layer,type,input_shape,output_shape,cin,cout,kernel,stride,padding,groups,parameters
conv1,Conv2d,"(1, 1, 28, 28)","(1, 16, 28, 28)",1,16,3x3,1x1,1x1,1,144
layer1.conv1,Conv2d,"(1, 16, 28, 28)","(1, 16, 28, 28)",16,16,3x3,1x1,1x1,1,2304
layer1.conv2,Conv2d,"(1, 16, 28, 28)","(1, 16, 28, 28)",16,16,3x3,1x1,1x1,1,2304
layer2.shortcut.0,Conv2d,"(1, 16, 28, 28)","(1, 32, 14, 14)",16,32,1x1,2x2,0x0,1,512
layer2.conv1,Conv2d,"(1, 16, 28, 28)","(1, 32, 14, 14)",16,32,3x3,2x2,1x1,1,4608
layer2.conv2,Conv2d,"(1, 32, 14, 14)","(1, 32, 14, 14)",32,32,3x3,1x1,1x1,1,9216
layer3.shortcut.0,Conv2d,"(1, 32, 14, 14)","(1, 64, 7, 7)",32,64,1x1,2x2,0x0,1,2048
layer3.conv1,Conv2d,"(1, 32, 14, 14)","(1, 64, 7, 7)",32,64,3x3,2x2,1x1,1,18432
layer3.conv2,Conv2d,"(1, 64, 7, 7)","(1, 64, 7, 7)",64,64,3x3,1x1,1x1,1,36864
fc,Linear,"(1, 64)","(1, 10)",64,10,-,-,-,-,650
