epoch,train_loss,test_loss,test_accuracy
1,0.3467372420489788,0.0879980772972107,97.59
2,0.05602249323626359,0.05416757896393538,98.41
3,0.038619206933180494,0.04209676320850849,98.7
4,0.031082302803297837,0.03542501705214381,98.93
5,0.025683288541436197,0.04210367267355323,98.67
6,0.02143903277317683,0.02884047686383128,99.1
7,0.018737520049636563,0.041128305299207565,98.76
8,0.017132357774178188,0.04265484185032547,98.69
9,0.013141664104287822,0.028549988919869065,99.06
10,0.01234450064712825,0.020883216300979255,99.38
